"class","pixels","area"
4,3201341,246070.407906621
5,2083317,160133.726456756
7,264066,20297.3779844977
1,92599081,7117609.03741534
6,2509926,192924.938216652
2,213425246,16404886.9960404
